epoch;GPU_0_out_attention_loss;GPU_0_out_attention_precision;GPU_0_out_attention_recall;GPU_0_out_columns_loss;GPU_1_out_attention_loss;GPU_1_out_attention_precision;GPU_1_out_attention_recall;GPU_1_out_columns_loss;loss;val_GPU_0_out_attention_loss;val_GPU_0_out_attention_precision;val_GPU_0_out_attention_recall;val_GPU_0_out_columns_loss;val_GPU_1_out_attention_loss;val_GPU_1_out_attention_precision;val_GPU_1_out_attention_recall;val_GPU_1_out_columns_loss;val_loss
0;0.017865179106593132;0.7140002846717834;0.11082997173070908;1.463904619216919;0.024102162569761276;0.7165502309799194;0.11103495210409164;1.4122850894927979;0.0986514762043953;0.016661718487739563;0.7418964505195618;0.20120002329349518;1.2458882331848145;0.021929340437054634;0.7454894781112671;0.20200438797473907;1.1709108352661133;0.08615521341562271
1;0.015897566452622414;0.7589618563652039;0.15771719813346863;1.346899151802063;0.02074948325753212;0.7614364624023438;0.15944914519786835;1.2439879179000854;0.08773200958967209;0.015471362508833408;0.7573339939117432;0.2074752300977707;1.2174510955810547;0.02057843655347824;0.7482926249504089;0.20067176222801208;1.130112648010254;0.08228009939193726
